{
  "type": "FeatureCollection",
  "features": [
    {
      "type": "Feature",
      "properties": {
        "name": "Education Administration"
      },
      "geometry": {
        "coordinates": [
          [
            [
              -118.53133355421204,
              34.241683818879395
            ],
            [
              -118.53128524755799,
              34.24173574441154
            ],
            [
              -118.53126588831272,
              34.241770029162595
            ],
            [
              -118.53125476925753,
              34.24182897406513
            ],
            [
              -118.53125523238899,
              34.24202204957308
            ],
            [
              -118.53137865312071,
              34.24202032031751
            ],
            [
              -118.53138004860335,
              34.242030697305566
            ],
            [
              -118.5315721357595,
              34.24202896756495
            ],
            [
              -118.53157137324882,
              34.241836421757526
            ],
            [
              -118.53155685819823,
              34.24183699473137
            ],
            [
              -118.5315575216807,
              34.24182954690066
            ],
            [
              -118.53156512506911,
              34.24182954690066
            ],
            [
              -118.53156923271933,
              34.24164393591836
            ],
            [
              -118.53155820451691,
              34.24164336653742
            ],
            [
              -118.53156082035889,
              34.241606379475584
            ],
            [
              -118.53150778495564,
              34.24160467345827
            ],
            [
              -118.53145063986112,
              34.241612635685144
            ],
            [
              -118.53141759438381,
              34.241623444877405
            ],
            [
              -118.53133286041765,
              34.241630273701475
            ],
            [
              -118.53133355421204,
              34.241683818879395
            ]
          ]
        ],
        "type": "Polygon"
      },
      "id": 0
    },
    {
      "type": "Feature",
      "properties": {
        "name": "Sagebrush Hall"
      },
      "geometry": {
        "coordinates": [
          [
            [
              -118.52874448144038,
              34.24257007087287
            ],
            [
              -118.52874456663079,
              34.24250090679722
            ],
            [
              -118.5287798355499,
              34.242502236243155
            ],
            [
              -118.52877993682635,
              34.242399941366
            ],
            [
              -118.52829932809095,
              34.24239861382641
            ],
            [
              -118.52829696403705,
              34.24257273236974
            ],
            [
              -118.52836593053077,
              34.24257406315509
            ],
            [
              -118.52836741570837,
              34.24260467807319
            ],
            [
              -118.5285054016037,
              34.242600684077786
            ],
            [
              -118.52850709090673,
              34.242571401608615
            ],
            [
              -118.52874448144038,
              34.24257007087287
            ]
          ]
        ],
        "type": "Polygon"
      },
      "id": 1
    },
    {
      "type": "Feature",
      "properties": {
        "name": "Bookstein Hall"
      },
      "geometry": {
        "coordinates": [
          [
            [
              -118.53029263858534,
              34.2416564281058
            ],
            [
              -118.53025222214237,
              34.24168970793974
            ],
            [
              -118.53020706746305,
              34.24164771623748
            ],
            [
              -118.53018011668793,
              34.2416643495271
            ],
            [
              -118.5301589903217,
              34.24164850815178
            ],
            [
              -118.53007417091314,
              34.2417182541345
            ],
            [
              -118.53049249268888,
              34.24207029717938
            ],
            [
              -118.53044906559066,
              34.24210870252463
            ],
            [
              -118.53055659650093,
              34.24219363606254
            ],
            [
              -118.53060484930654,
              34.242153552172155
            ],
            [
              -118.53094934711402,
              34.24244541264768
            ],
            [
              -118.531059235382,
              34.24235756623506
            ],
            [
              -118.53091785678131,
              34.24224098313121
            ],
            [
              -118.53105816722173,
              34.24211830922626
            ],
            [
              -118.53103578525332,
              34.24210069858091
            ],
            [
              -118.53104054510834,
              34.24209189596297
            ],
            [
              -118.53085114703056,
              34.24194013475015
            ],
            [
              -118.5308374782129,
              34.24191303399327
            ],
            [
              -118.5308083730416,
              34.24188276516408
            ],
            [
              -118.53076582765189,
              34.241858883806984
            ],
            [
              -118.53075234509866,
              34.24186127134425
            ],
            [
              -118.53025383257665,
              34.24143809857419
            ],
            [
              -118.53014490767225,
              34.24153348440676
            ],
            [
              -118.53029263858534,
              34.2416564281058
            ]
          ]
        ],
        "type": "Polygon"
      },
      "id": 2
    },
    {
      "type": "Feature",
      "properties": {
        "name": "Laurel Hall"
      },
      "geometry": {
        "coordinates": [
          [
            [
              -118.52910037018789,
              34.242425174611554
            ],
            [
              -118.52910036045327,
              34.24227526049829
            ],
            [
              -118.52884408166543,
              34.24227526049829
            ],
            [
              -118.52884407879678,
              34.24242783075452
            ],
            [
              -118.52910037018789,
              34.242425174611554
            ]
          ]
        ],
        "type": "Polygon"
      },
      "id": 3
    },
    {
      "type": "Feature",
      "properties": {
        "name": "Arbor Grill"
      },
      "geometry": {
        "coordinates": [
          [
            [
              -118.52976853659558,
              34.24131833300214
            ],
            [
              -118.52976876094587,
              34.24104184848686
            ],
            [
              -118.52956083393508,
              34.241039685163145
            ],
            [
              -118.52956147687549,
              34.24129660035686
            ],
            [
              -118.52959293171827,
              34.24129660035686
            ],
            [
              -118.52959419221466,
              34.2413183329008
            ],
            [
              -118.52976853659558,
              34.24131833300214
            ]
          ]
        ],
        "type": "Polygon"
      },
      "id": 4
    },
    {
      "type": "Feature",
      "properties": {
        "name": "Jacaranda Hall"
      },
      "geometry": {
        "coordinates": [
          [
            [
              -118.52873507633839,
              34.24208164557308
            ],
            [
              -118.52873446012578,
              34.24195742195262
            ],
            [
              -118.52882631366217,
              34.24196504313234
            ],
            [
              -118.52892339397513,
              34.24196068805087
            ],
            [
              -118.52903222154337,
              34.24194218257901
            ],
            [
              -118.5291278288694,
              34.2419084524107
            ],
            [
              -118.52920366402,
              34.24186495841937
            ],
            [
              -118.52930230656648,
              34.24179342721999
            ],
            [
              -118.52938053385682,
              34.2417051912761
            ],
            [
              -118.52942362590625,
              34.24162909316942
            ],
            [
              -118.52944296299644,
              34.24157241125978
            ],
            [
              -118.52945821884892,
              34.241496195509754
            ],
            [
              -118.5294551040688,
              34.24142007920999
            ],
            [
              -118.52944160360445,
              34.241358172122716
            ],
            [
              -118.52943933906676,
              34.24120748099945
            ],
            [
              -118.52945765629346,
              34.24120748099945
            ],
            [
              -118.5294564563593,
              34.241022632202245
            ],
            [
              -118.52908547249862,
              34.241023711481844
            ],
            [
              -118.52908442519465,
              34.24110255312577
            ],
            [
              -118.52873932457703,
              34.24109714960014
            ],
            [
              -118.52874060281998,
              34.24100860338447
            ],
            [
              -118.52832917348388,
              34.24100752438552
            ],
            [
              -118.52832912487315,
              34.241022632202245
            ],
            [
              -118.52784578822911,
              34.241023711481844
            ],
            [
              -118.52784099272532,
              34.24208055856015
            ],
            [
              -118.52873507633839,
              34.24208164557308
            ]
          ]
        ],
        "type": "Polygon"
      },
      "id": 5
    },
    {
      "type": "Feature",
      "properties": {
        "name": "Grand Salon"
      },
      "geometry": {
        "coordinates": [
          [
            [
              -118.52683798033428,
              34.239465121158744
            ],
            [
              -118.52683944067593,
              34.239351546694365
            ],
            [
              -118.52685538101389,
              34.23934122269819
            ],
            [
              -118.52685369468631,
              34.23930850753645
            ],
            [
              -118.52683952117803,
              34.239296076234126
            ],
            [
              -118.52683620479493,
              34.2392163533336
            ],
            [
              -118.52679158965057,
              34.23921564617717
            ],
            [
              -118.52676674200137,
              34.239205395349146
            ],
            [
              -118.5267384383661,
              34.23920468859829
            ],
            [
              -118.52671007922257,
              34.23921564617717
            ],
            [
              -118.52666460071174,
              34.2392163533336
            ],
            [
              -118.52666238000347,
              34.23929927208307
            ],
            [
              -118.52664553341467,
              34.239311350112814
            ],
            [
              -118.52664491738429,
              34.23933979913588
            ],
            [
              -118.5266633361943,
              34.23935439567403
            ],
            [
              -118.5266687134585,
              34.23946476297593
            ],
            [
              -118.52683798033428,
              34.239465121158744
            ]
          ]
        ],
        "type": "Polygon"
      },
      "id": 6
    },
    {
      "type": "Feature",
      "properties": {
        "name": "Library"
      },
      "geometry": {
        "coordinates": [
          [
            [
              -118.5299643012543,
              34.24034292321038
            ],
            [
              -118.52996585414172,
              34.23995397255307
            ],
            [
              -118.52968129318508,
              34.239960338120525
            ],
            [
              -118.52968628276587,
              34.239860651674064
            ],
            [
              -118.52898156027808,
              34.239858531632265
            ],
            [
              -118.52897882242453,
              34.239960338120525
            ],
            [
              -118.52868656631534,
              34.239956094369404
            ],
            [
              -118.5286905468374,
              34.240340794194154
            ],
            [
              -118.5299643012543,
              34.24034292321038
            ]
          ]
        ],
        "type": "Polygon"
      },
      "id": 7
    },
    {
      "type": "Feature",
      "properties": {
        "name": "Sequoia Hall"
      },
      "geometry": {
        "coordinates": [
          [
            [
              -118.52814082598073,
              34.24035434314412
            ],
            [
              -118.52814099164678,
              34.240476042073624
            ],
            [
              -118.52811206564262,
              34.24047828538981
            ],
            [
              -118.52811299239701,
              34.24050072543747
            ],
            [
              -118.5281365047966,
              34.2405014736551
            ],
            [
              -118.52813928784374,
              34.24055388349066
            ],
            [
              -118.52767416104913,
              34.24055762966448
            ],
            [
              -118.52767200617744,
              34.24063487851927
            ],
            [
              -118.52763394796594,
              34.240637881466185
            ],
            [
              -118.52763465392192,
              34.240678443178155
            ],
            [
              -118.52766817629126,
              34.24068069780448
            ],
            [
              -118.52766409847341,
              34.24078002639352
            ],
            [
              -118.52840456994542,
              34.240782286707
            ],
            [
              -118.52840534797764,
              34.24055912823157
            ],
            [
              -118.52839177048429,
              34.240558378941415
            ],
            [
              -118.52838996424506,
              34.24035657967282
            ],
            [
              -118.52842065120103,
              34.24035583414964
            ],
            [
              -118.52842143867021,
              34.24014688925752
            ],
            [
              -118.5283034962242,
              34.240146147624145
            ],
            [
              -118.52830334512498,
              34.24010167472666
            ],
            [
              -118.52820976467963,
              34.24010093393069
            ],
            [
              -118.52820986374284,
              34.24014540600383
            ],
            [
              -118.52759226611158,
              34.24014540600383
            ],
            [
              -118.52759382287367,
              34.24035508863963
            ],
            [
              -118.52780144453047,
              34.240350615872316
            ],
            [
              -118.52780497911505,
              34.24037745995723
            ],
            [
              -118.52783116504165,
              34.24037671404551
            ],
            [
              -118.52783302988142,
              34.24035285219398
            ],
            [
              -118.52814082598073,
              34.24035434314412
            ]
          ]
        ],
        "type": "Polygon"
      },
      "id": 8
    },
    {
      "type": "Feature",
      "properties": {
        "name": "Sol Center"
      },
      "geometry": {
        "coordinates": [
          [
            [
              -118.52695693350117,
              34.23995479199087
            ],
            [
              -118.52691530737583,
              34.23999951737673
            ],
            [
              -118.52684295257804,
              34.24003533359843
            ],
            [
              -118.52679320226937,
              34.24005250686382
            ],
            [
              -118.52679870083846,
              34.240254656519554
            ],
            [
              -118.52723253816752,
              34.24025315537456
            ],
            [
              -118.52723379843823,
              34.239837995997945
            ],
            [
              -118.52701214581869,
              34.239837253164495
            ],
            [
              -118.5270182960192,
              34.23995255702937
            ],
            [
              -118.52695693350117,
              34.23995479199087
            ]
          ]
        ],
        "type": "Polygon"
      },
      "id": 9
    },
    {
      "type": "Feature",
      "properties": {
        "name": "Bayramian Hall"
      },
      "geometry": {
        "coordinates": [
          [
            [
              -118.53090964189849,
              34.240235746932086
            ],
            [
              -118.53057478717575,
              34.24023281506376
            ],
            [
              -118.53057478546042,
              34.24025187415893
            ],
            [
              -118.53048619041336,
              34.24025187415893
            ],
            [
              -118.53048615787344,
              34.24030174282089
            ],
            [
              -118.53018129820998,
              34.24030027564534
            ],
            [
              -118.53018067846357,
              34.24053978627683
            ],
            [
              -118.53013275393809,
              34.240538314668555
            ],
            [
              -118.53013775948848,
              34.24065023512236
            ],
            [
              -118.53072218936265,
              34.24065023512236
            ],
            [
              -118.53072045838962,
              34.240704780142394
            ],
            [
              -118.53145257277829,
              34.24070330545776
            ],
            [
              -118.53144898114921,
              34.240370730886724
            ],
            [
              -118.53132663459263,
              34.24037219937364
            ],
            [
              -118.53132958768194,
              34.240246009330875
            ],
            [
              -118.5312445335006,
              34.24024454319216
            ],
            [
              -118.53124516908716,
              34.23997231483759
            ],
            [
              -118.53110545177444,
              34.23997669815678
            ],
            [
              -118.53110525984813,
              34.239918273966296
            ],
            [
              -118.53104161914004,
              34.239922654275475
            ],
            [
              -118.5310365515659,
              34.240005926528866
            ],
            [
              -118.5308207107572,
              34.24000154158067
            ],
            [
              -118.53081924133164,
              34.24020643315319
            ],
            [
              -118.53090780191536,
              34.240202037027075
            ],
            [
              -118.53090964189849,
              34.240235746932086
            ]
          ]
        ],
        "type": "Polygon"
      },
      "id": 10
    },
    {
      "type": "Feature",
      "properties": {
        "name": "USU Southwest"
      },
      "geometry": {
        "coordinates": [
          [
            [
              -118.52699703481852,
              34.23961145107941
            ],
            [
              -118.52709563386784,
              34.239612607523696
            ],
            [
              -118.52709760372795,
              34.239693111235255
            ],
            [
              -118.52723498533291,
              34.23969490404781
            ],
            [
              -118.52723074249323,
              34.23952233925863
            ],
            [
              -118.52720134709242,
              34.23952122038976
            ],
            [
              -118.52720013148777,
              34.23948895384537
            ],
            [
              -118.52723125220615,
              34.23948534919249
            ],
            [
              -118.52723037580924,
              34.23932837952968
            ],
            [
              -118.52719518977045,
              34.239301307258316
            ],
            [
              -118.5271269901528,
              34.239302194806626
            ],
            [
              -118.52709450267669,
              34.239329045295065
            ],
            [
              -118.52709611995083,
              34.239432491987074
            ],
            [
              -118.52696665127004,
              34.23943560078615
            ],
            [
              -118.52696564736098,
              34.23946115857851
            ],
            [
              -118.52692993456738,
              34.23946293379754
            ],
            [
              -118.5269272385589,
              34.23949067396053
            ],
            [
              -118.52688803254418,
              34.239490452021656
            ],
            [
              -118.52688745741025,
              34.239565483652825
            ],
            [
              -118.52699703481852,
              34.23961145107941
            ]
          ]
        ],
        "type": "Polygon"
      },
      "id": 11
    },
    {
      "type": "Feature",
      "properties": {
        "name": "Magnolia Hall"
      },
      "geometry": {
        "coordinates": [
          [
            [
              -118.52842487212826,
              34.23965146192275
            ],
            [
              -118.52842925924602,
              34.23921318393651
            ],
            [
              -118.52836264980333,
              34.23921438113857
            ],
            [
              -118.52836264696525,
              34.23923593104168
            ],
            [
              -118.52822508385862,
              34.23922994490778
            ],
            [
              -118.52822219075459,
              34.23921557834265
            ],
            [
              -118.52816282153236,
              34.23921557834265
            ],
            [
              -118.52816271610618,
              34.239656252975536
            ],
            [
              -118.52829307023772,
              34.239653858529934
            ],
            [
              -118.52842487212826,
              34.23965146192275
            ]
          ]
        ],
        "type": "Polygon"
      },
      "id": 12
    },
    {
      "type": "Feature",
      "properties": {
        "name": "The Pub"
      },
      "geometry": {
        "coordinates": [
          [
            [
              -118.52661583045796,
              34.23963377095875
            ],
            [
              -118.5266320150258,
              34.23962663740136
            ],
            [
              -118.52667343982074,
              34.23965076703966
            ],
            [
              -118.52670747010167,
              34.239620813814454
            ],
            [
              -118.52667727948773,
              34.23959336400611
            ],
            [
              -118.52667306772697,
              34.23951767281535
            ],
            [
              -118.52663132268597,
              34.23951587100518
            ],
            [
              -118.52662929492415,
              34.23943400012929
            ],
            [
              -118.52660850709503,
              34.23943289143655
            ],
            [
              -118.52660816005938,
              34.239409888642186
            ],
            [
              -118.52657211995742,
              34.239404900733135
            ],
            [
              -118.52657245069481,
              34.23939187783628
            ],
            [
              -118.52644020896795,
              34.239392986105884
            ],
            [
              -118.52643585009545,
              34.23939672660285
            ],
            [
              -118.52643201939165,
              34.239407267641056
            ],
            [
              -118.5264018540125,
              34.23940948352134
            ],
            [
              -118.5263984919005,
              34.23943732441036
            ],
            [
              -118.52637703668961,
              34.2394412033147
            ],
            [
              -118.52637752077146,
              34.239547698903706
            ],
            [
              -118.52640215774294,
              34.23955019249057
            ],
            [
              -118.52640623003359,
              34.23963246159927
            ],
            [
              -118.52661583045796,
              34.23963377095875
            ]
          ]
        ],
        "type": "Polygon"
      },
      "id": 13
    },
    {
      "type": "Feature",
      "properties": {
        "name": "Campus Store Complex"
      },
      "geometry": {
        "coordinates": [
          [
            [
              -118.52805393059612,
              34.23723701340214
            ],
            [
              -118.52805283982177,
              34.237135643284006
            ],
            [
              -118.52806720165346,
              34.237135643284006
            ],
            [
              -118.52806278828035,
              34.237092725133266
            ],
            [
              -118.52805174067001,
              34.23709546451248
            ],
            [
              -118.52805064990498,
              34.23699594046333
            ],
            [
              -118.52769495165325,
              34.23700050548359
            ],
            [
              -118.52770151391412,
              34.23717034494926
            ],
            [
              -118.52768494107353,
              34.23717308462672
            ],
            [
              -118.5276871426752,
              34.23719317591157
            ],
            [
              -118.5276186441939,
              34.2371950024196
            ],
            [
              -118.527617483618,
              34.237320129357144
            ],
            [
              -118.5277147155099,
              34.23731830252865
            ],
            [
              -118.52771578740285,
              34.23740599554499
            ],
            [
              -118.5276848468732,
              34.23740964965404
            ],
            [
              -118.52768586978011,
              34.2376161371578
            ],
            [
              -118.52774444170728,
              34.2376161371578
            ],
            [
              -118.52774549650282,
              34.237757789169706
            ],
            [
              -118.52807706960692,
              34.23775139137737
            ],
            [
              -118.52807927744652,
              34.23777332690426
            ],
            [
              -118.52811796164717,
              34.23776967093637
            ],
            [
              -118.52811685802081,
              34.23775230534366
            ],
            [
              -118.52844400774178,
              34.23774956344677
            ],
            [
              -118.52844622049292,
              34.237766014987216
            ],
            [
              -118.52864958525893,
              34.237763273037785
            ],
            [
              -118.52864735502635,
              34.23769289992646
            ],
            [
              -118.52852687049136,
              34.23759694775224
            ],
            [
              -118.52862964576632,
              34.23759512021715
            ],
            [
              -118.52859095818428,
              34.237559484208134
            ],
            [
              -118.52863737032015,
              34.23755400190248
            ],
            [
              -118.52865725654621,
              34.23753572785536
            ],
            [
              -118.52866609225913,
              34.237519281611796
            ],
            [
              -118.52866719112434,
              34.23749826751761
            ],
            [
              -118.52871470779493,
              34.23749826751761
            ],
            [
              -118.52871135845706,
              34.237393206310074
            ],
            [
              -118.52866163539264,
              34.237393206310074
            ],
            [
              -118.52865822124883,
              34.23704889648958
            ],
            [
              -118.52846821465533,
              34.237047983421206
            ],
            [
              -118.52846821845917,
              34.2370726366713
            ],
            [
              -118.52844060151847,
              34.23707811528705
            ],
            [
              -118.52844613622193,
              34.2371584731373
            ],
            [
              -118.52847265079943,
              34.2371584731373
            ],
            [
              -118.52846934766555,
              34.237230620266885
            ],
            [
              -118.52823291393068,
              34.23723518678601
            ],
            [
              -118.52823070442048,
              34.23722331389723
            ],
            [
              -118.52818209196494,
              34.237226967072715
            ],
            [
              -118.52818209140057,
              34.237238840022144
            ],
            [
              -118.52805393059612,
              34.23723701340214
            ]
          ]
        ],
        "type": "Polygon"
      },
      "id": 14
    },
    {
      "type": "Feature",
      "properties": {
        "name": "Live Oak Hall"
      },
      "geometry": {
        "coordinates": [
          [
            [
              -118.52877169112273,
              34.23837996916265
            ],
            [
              -118.5287752069451,
              34.238356515392056
            ],
            [
              -118.52881704401638,
              34.23835716795196
            ],
            [
              -118.52881383350609,
              34.238271037288
            ],
            [
              -118.52877831480487,
              34.238271037288
            ],
            [
              -118.52877826708217,
              34.238188835234695
            ],
            [
              -118.52769148366825,
              34.23818753054687
            ],
            [
              -118.5276930509379,
              34.23821036306177
            ],
            [
              -118.52764885253497,
              34.23821036306177
            ],
            [
              -118.52764959233826,
              34.238303008335365
            ],
            [
              -118.52768669049522,
              34.238303660826176
            ],
            [
              -118.52768823099268,
              34.238380660659615
            ],
            [
              -118.52877169112273,
              34.23837996916265
            ]
          ]
        ],
        "type": "Polygon"
      },
      "id": 15
    },
    {
      "type": "Feature",
      "properties": {
        "name": "Eucalyptus Hall"
      },
      "geometry": {
        "coordinates": [
          [
            [
              -118.52769223209992,
              34.238680738842675
            ],
            [
              -118.52769219662065,
              34.23875843305528
            ],
            [
              -118.5287755340837,
              34.23875843305528
            ],
            [
              -118.528776309273,
              34.238734927674514
            ],
            [
              -118.5288205261026,
              34.238734927674514
            ],
            [
              -118.52881967397508,
              34.2386396114064
            ],
            [
              -118.52877704032878,
              34.2386396114064
            ],
            [
              -118.52877698822195,
              34.23855475575779
            ],
            [
              -118.52769228814013,
              34.23855801917544
            ],
            [
              -118.52769227502557,
              34.23858673815103
            ],
            [
              -118.52765122189656,
              34.238588043597176
            ],
            [
              -118.52764959737382,
              34.238679433158524
            ],
            [
              -118.52769223209992,
              34.238680738842675
            ]
          ]
        ],
        "type": "Polygon"
      },
      "id": 16
    },
    {
      "type": "Feature",
      "properties": {
        "name": "Citrus Hall"
      },
      "geometry": {
        "coordinates": [
          [
            [
              -118.52837416641526,
              34.23911153806053
            ],
            [
              -118.52837491619044,
              34.23901868656094
            ],
            [
              -118.52826186109647,
              34.23901489707555
            ],
            [
              -118.52826109432307,
              34.23893595608145
            ],
            [
              -118.52765614934457,
              34.238934693128044
            ],
            [
              -118.52765689229444,
              34.238970688561366
            ],
            [
              -118.5276087687163,
              34.23897258313049
            ],
            [
              -118.52761025362554,
              34.23904079247467
            ],
            [
              -118.52765532347853,
              34.23904142408689
            ],
            [
              -118.52765680111014,
              34.239127962594694
            ],
            [
              -118.52790738326016,
              34.239127962594694
            ],
            [
              -118.52790738162184,
              34.23913301640755
            ],
            [
              -118.52818241217327,
              34.23913427986858
            ],
            [
              -118.52819310804918,
              34.239127330871625
            ],
            [
              -118.52822061095014,
              34.239127330871625
            ],
            [
              -118.52822137497617,
              34.239112801466504
            ],
            [
              -118.52837416641526,
              34.23911153806053
            ]
          ]
        ],
        "type": "Polygon"
      },
      "id": 17
    },
    {
      "type": "Feature",
      "properties": {
        "name": "Redwood Hall"
      },
      "geometry": {
        "coordinates": [
          [
            [
              -118.52594405775343,
              34.241925740766774
            ],
            [
              -118.52561651837615,
              34.24192376496842
            ],
            [
              -118.52562577649084,
              34.24231026062631
            ],
            [
              -118.52535497664064,
              34.24231026062631
            ],
            [
              -118.52535497664064,
              34.242538904499895
            ],
            [
              -118.52576001915122,
              34.242538904499895
            ],
            [
              -118.52575886188703,
              34.24248820110047
            ],
            [
              -118.52616158986868,
              34.242489157769
            ],
            [
              -118.52616043260448,
              34.242323654008814
            ],
            [
              -118.52620093685533,
              34.242325567348786
            ],
            [
              -118.52620325138426,
              34.24255899451795
            ],
            [
              -118.52644859141934,
              34.242563777854755
            ],
            [
              -118.52645090594774,
              34.242609697874684
            ],
            [
              -118.52653885803574,
              34.24261161120813
            ],
            [
              -118.52653885803574,
              34.242562821187036
            ],
            [
              -118.52686867836566,
              34.242563777854755
            ],
            [
              -118.52686983562987,
              34.242605871206806
            ],
            [
              -118.52704048306163,
              34.242607046750805
            ],
            [
              -118.52704048306163,
              34.24243484654123
            ],
            [
              -118.52701386598227,
              34.24243675987866
            ],
            [
              -118.52701199291064,
              34.24233396902618
            ],
            [
              -118.52698653309552,
              34.24233205568645
            ],
            [
              -118.52698769036024,
              34.24230909560343
            ],
            [
              -118.52679095542649,
              34.242307182263104
            ],
            [
              -118.52679095542649,
              34.24229091886737
            ],
            [
              -118.52682451609158,
              34.24228996219654
            ],
            [
              -118.5268256733558,
              34.242237345305256
            ],
            [
              -118.52679095542649,
              34.2422363886339
            ],
            [
              -118.52679053044064,
              34.24209303777788
            ],
            [
              -118.52685649450663,
              34.24209303777788
            ],
            [
              -118.52685765177084,
              34.24188352619758
            ],
            [
              -118.52703587047573,
              34.24188352619758
            ],
            [
              -118.52703818500413,
              34.24178977198741
            ],
            [
              -118.52679053044064,
              34.24178690195963
            ],
            [
              -118.52679053044064,
              34.24129134224269
            ],
            [
              -118.52633688282873,
              34.2412884721971
            ],
            [
              -118.52633174129939,
              34.241451228829305
            ],
            [
              -118.52569524592575,
              34.24144931546948
            ],
            [
              -118.52569756045467,
              34.24174588575049
            ],
            [
              -118.52573343564819,
              34.241775542721285
            ],
            [
              -118.52594521501815,
              34.241774586044656
            ],
            [
              -118.52594405775343,
              34.241925740766774
            ]
          ]
        ],
        "type": "Polygon"
      },
      "id": 18
    },
    {
      "type": "Feature",
      "properties": {
        "G6 Parking Structure": ""
      },
      "geometry": {
        "coordinates": [
          [
            [
              -118.52457187670839,
              34.24358574991939
            ],
            [
              -118.52457452619738,
              34.243536470240116
            ],
            [
              -118.52460234583151,
              34.243537565344795
            ],
            [
              -118.52458909838649,
              34.24283998101798
            ],
            [
              -118.52463149021004,
              34.24283669567764
            ],
            [
              -118.52463149021004,
              34.242704186850546
            ],
            [
              -118.52348161200035,
              34.24270747219606
            ],
            [
              -118.52348691097836,
              34.24359122543753
            ],
            [
              -118.52457187670839,
              34.24358574991939
            ]
          ]
        ],
        "type": "Polygon"
      }
    },
    {
      "type": "Feature",
      "properties": {
        "name": "USU Computer Lab"
      },
      "geometry": {
        "coordinates": [
          [
            [
              -118.52577532480497,
              34.239704406068114
            ],
            [
              -118.52577715627854,
              34.23964157244714
            ],
            [
              -118.52581378575309,
              34.239640815415015
            ],
            [
              -118.52581287001593,
              34.23955527077062
            ],
            [
              -118.52577715627854,
              34.239559055933654
            ],
            [
              -118.52577898775247,
              34.239500007369315
            ],
            [
              -118.52571488617232,
              34.23949697923699
            ],
            [
              -118.52571397043555,
              34.239471240105246
            ],
            [
              -118.52560682922302,
              34.23946896900557
            ],
            [
              -118.52560591348625,
              34.23950076440272
            ],
            [
              -118.5255408961693,
              34.239500007369315
            ],
            [
              -118.52554181190607,
              34.23958025284399
            ],
            [
              -118.52543009200929,
              34.23958176690866
            ],
            [
              -118.52542826053573,
              34.23965974120952
            ],
            [
              -118.52543741790427,
              34.23965898417822
            ],
            [
              -118.5254365021675,
              34.239667311526134
            ],
            [
              -118.52554181190607,
              34.239667311526134
            ],
            [
              -118.52554181190607,
              34.23969683575481
            ],
            [
              -118.52557660990666,
              34.23969683575481
            ],
            [
              -118.52557660990666,
              34.239704406068114
            ],
            [
              -118.52577532480497,
              34.239704406068114
            ]
          ]
        ],
        "type": "Polygon"
      },
      "id": 20
    },
    {
      "type": "Feature",
      "properties": {
        "name": "Addie Klotz Student Health Center"
      },
      "geometry": {
        "coordinates": [
          [
            [
              -118.52600998715275,
              34.23826254182525
            ],
            [
              -118.52597749099994,
              34.23826167522064
            ],
            [
              -118.52597644273703,
              34.238249542760116
            ],
            [
              -118.52591249869475,
              34.238248676155365
            ],
            [
              -118.5259135469581,
              34.23835093541568
            ],
            [
              -118.52602885588662,
              34.23834920220905
            ],
            [
              -118.52602780762373,
              34.238316271273874
            ],
            [
              -118.52608022077284,
              34.23831367146249
            ],
            [
              -118.52607917250995,
              34.238288539949565
            ],
            [
              -118.52609804124381,
              34.238288539949565
            ],
            [
              -118.52609908950672,
              34.238319737688386
            ],
            [
              -118.52625003937672,
              34.23832060429237
            ],
            [
              -118.52625003937672,
              34.23828334032579
            ],
            [
              -118.5262678598477,
              34.238284206929364
            ],
            [
              -118.52626681158483,
              34.23838126652804
            ],
            [
              -118.52636639656859,
              34.23838299973397
            ],
            [
              -118.52636954135727,
              34.23837520030662
            ],
            [
              -118.52639784445807,
              34.2383734671005
            ],
            [
              -118.52639889272096,
              34.2383518020186
            ],
            [
              -118.52636639656859,
              34.23834833560538
            ],
            [
              -118.5263674448315,
              34.23826600824198
            ],
            [
              -118.52641252013991,
              34.23826514163821
            ],
            [
              -118.5264135684028,
              34.2382807405134
            ],
            [
              -118.52648694681201,
              34.23828247372141
            ],
            [
              -118.52648694681201,
              34.238264275033615
            ],
            [
              -118.52653726343537,
              34.238264275033615
            ],
            [
              -118.52653621517247,
              34.238281607117
            ],
            [
              -118.52660854531835,
              34.2382807405134
            ],
            [
              -118.52660540052968,
              34.23826167522064
            ],
            [
              -118.52663370363048,
              34.238263408429816
            ],
            [
              -118.52663475189337,
              34.23820621252841
            ],
            [
              -118.52664942757522,
              34.23820534592326
            ],
            [
              -118.52664942757522,
              34.23814381695503
            ],
            [
              -118.52663055884135,
              34.23814468356086
            ],
            [
              -118.52663055884135,
              34.238135150899566
            ],
            [
              -118.52660120747765,
              34.23813601750548
            ],
            [
              -118.52660330400343,
              34.23811868539212
            ],
            [
              -118.52653307038335,
              34.23811868539212
            ],
            [
              -118.52653307038335,
              34.23813601750548
            ],
            [
              -118.52648589854914,
              34.23813601750548
            ],
            [
              -118.52648694681201,
              34.23812215181478
            ],
            [
              -118.52641461666569,
              34.23811868539212
            ],
            [
              -118.52641252013991,
              34.238135150899566
            ],
            [
              -118.52636115525368,
              34.238135150899566
            ],
            [
              -118.52636534830525,
              34.23807015545542
            ],
            [
              -118.52626576332146,
              34.23806928884888
            ],
            [
              -118.52626576332146,
              34.238116952179965
            ],
            [
              -118.52625003937672,
              34.238117818786066
            ],
            [
              -118.52624899111385,
              34.23808575436675
            ],
            [
              -118.52604143504223,
              34.23808575436675
            ],
            [
              -118.52604457983136,
              34.23811955199743
            ],
            [
              -118.52607393119504,
              34.23812388502607
            ],
            [
              -118.52607393119504,
              34.23813775071646
            ],
            [
              -118.52597120142212,
              34.23814035053324
            ],
            [
              -118.52597329794838,
              34.23821834499526
            ],
            [
              -118.52600998715275,
              34.238220944809584
            ],
            [
              -118.52600998715275,
              34.23826254182525
            ]
          ]
        ],
        "type": "Polygon"
      },
      "id": 21
    },
    {
      "type": "Feature",
      "properties": {
        "name": "Plaza del Sol Performance Hall"
      },
      "geometry": {
        "coordinates": [
          [
            [
              -118.52643807325916,
              34.24032599332017
            ],
            [
              -118.5263420968181,
              34.2403511610227
            ],
            [
              -118.52632971276098,
              34.240427090656794
            ],
            [
              -118.52635035285616,
              34.240454391183036
            ],
            [
              -118.52628636856181,
              34.240488516827725
            ],
            [
              -118.52628688456434,
              34.24052221588809
            ],
            [
              -118.52620479594621,
              34.24052396926446
            ],
            [
              -118.52620629355144,
              34.24062654318321
            ],
            [
              -118.52637502632658,
              34.24062739632306
            ],
            [
              -118.52637554232865,
              34.240699486583594
            ],
            [
              -118.52664489556602,
              34.24069650059744
            ],
            [
              -118.52665057159223,
              34.24054122918557
            ],
            [
              -118.52670991186501,
              34.24053739005302
            ],
            [
              -118.52670681585062,
              34.24048876103353
            ],
            [
              -118.52665366760662,
              34.240458047953794
            ],
            [
              -118.52667998372712,
              34.24042434886772
            ],
            [
              -118.52666398765398,
              34.24034927237307
            ],
            [
              -118.52657575124843,
              34.2403232515271
            ],
            [
              -118.52643807325916,
              34.24032599332017
            ]
          ]
        ],
        "type": "Polygon"
      },
      "id": 22
    },
    {
      "type": "Feature",
      "properties": {
        "name": "G4 Parking Lot"
      },
      "geometry": {
        "coordinates": [
          [
            [
              -118.52445118720456,
              34.24102974701658
            ],
            [
              -118.52445118720456,
              34.2405761536358
            ],
            [
              -118.52343542538632,
              34.2405761536358
            ],
            [
              -118.52343542538632,
              34.24102974701658
            ],
            [
              -118.52445118720456,
              34.24102974701658
            ]
          ]
        ],
        "type": "Polygon"
      },
      "id": 23
    },
    {
      "type": "Feature",
      "properties": {
        "name": "Student Recreation Center"
      },
      "geometry": {
        "coordinates": [
          [
            [
              -118.5250660707931,
              34.240602854195174
            ],
            [
              -118.52506674497792,
              34.24062444352293
            ],
            [
              -118.52513749778306,
              34.24062327372185
            ],
            [
              -118.52513891283934,
              34.240495765295705
            ],
            [
              -118.5251657989053,
              34.240495765295705
            ],
            [
              -118.52517428924176,
              34.24030508719689
            ],
            [
              -118.5251657989053,
              34.239954144782416
            ],
            [
              -118.52516085702237,
              34.23942851398917
            ],
            [
              -118.52511557522689,
              34.23942617435378
            ],
            [
              -118.52511274511497,
              34.23932206050297
            ],
            [
              -118.52470662401296,
              34.23932206050297
            ],
            [
              -118.52470520895699,
              34.23942500453555
            ],
            [
              -118.52467266266652,
              34.23942266490006
            ],
            [
              -118.52466985508417,
              34.24049289278487
            ],
            [
              -118.52470947665512,
              34.240494062588255
            ],
            [
              -118.52471230676738,
              34.24060051459239
            ],
            [
              -118.5250660707931,
              34.240602854195174
            ]
          ]
        ],
        "type": "Polygon"
      },
      "id": 24
    },
    {
      "type": "Feature",
      "properties": {
        "name": "University Student Union (USU)"
      },
      "geometry": {
        "coordinates": [
          [
            [
              -118.52534492899778,
              34.2401593684242
            ],
            [
              -118.5255427977313,
              34.24015923170329
            ],
            [
              -118.52554340821207,
              34.24026521363719
            ],
            [
              -118.52561361350628,
              34.24026723233921
            ],
            [
              -118.52561544494884,
              34.240212727362504
            ],
            [
              -118.52565085283632,
              34.2402132320386
            ],
            [
              -118.52565024235557,
              34.24032274663051
            ],
            [
              -118.52563925370075,
              34.240323251305895
            ],
            [
              -118.52563925370075,
              34.24036867206216
            ],
            [
              -118.52564902139403,
              34.2403691767373
            ],
            [
              -118.52565024235557,
              34.24043175640614
            ],
            [
              -118.52575707649903,
              34.24043327042945
            ],
            [
              -118.52575707649903,
              34.24039642917896
            ],
            [
              -118.52590969670408,
              34.24039642917896
            ],
            [
              -118.52591091766558,
              34.240317699878275
            ],
            [
              -118.52590114997258,
              34.24031719520285
            ],
            [
              -118.52590179940813,
              34.240265773381395
            ],
            [
              -118.52608005980761,
              34.240265773381395
            ],
            [
              -118.5260818912499,
              34.24023145543643
            ],
            [
              -118.52613866596624,
              34.240229941409524
            ],
            [
              -118.52613866596624,
              34.240265773381395
            ],
            [
              -118.52631509492318,
              34.240265773381395
            ],
            [
              -118.52631326348063,
              34.240232464788306
            ],
            [
              -118.52633829319431,
              34.24023095076049
            ],
            [
              -118.52633890367508,
              34.240239025572436
            ],
            [
              -118.52637675348589,
              34.240240539600066
            ],
            [
              -118.52637858492844,
              34.240193604746196
            ],
            [
              -118.52654463571133,
              34.24019663280221
            ],
            [
              -118.52654402523056,
              34.23999526685061
            ],
            [
              -118.526613620044,
              34.23999577152709
            ],
            [
              -118.52660202090843,
              34.239874144241256
            ],
            [
              -118.52650190205415,
              34.239879695698136
            ],
            [
              -118.52650312301569,
              34.23992965879175
            ],
            [
              -118.52640332798191,
              34.23993118356783
            ],
            [
              -118.52640271750116,
              34.23995439873238
            ],
            [
              -118.52633983797664,
              34.239958940828856
            ],
            [
              -118.52633922749588,
              34.2399655016343
            ],
            [
              -118.52630870345476,
              34.23996449228014
            ],
            [
              -118.5263093139358,
              34.23993067889006
            ],
            [
              -118.52613646810175,
              34.239936067394
            ],
            [
              -118.52613646810175,
              34.23996432933093
            ],
            [
              -118.52608335627025,
              34.23996432933093
            ],
            [
              -118.5260809143472,
              34.23993909545925
            ],
            [
              -118.52612303752362,
              34.23993657207167
            ],
            [
              -118.52612120608133,
              34.23986339379799
            ],
            [
              -118.52604977982534,
              34.239865917187785
            ],
            [
              -118.5260483771184,
              34.23975405729671
            ],
            [
              -118.52594825826384,
              34.23975658068976
            ],
            [
              -118.52595008970638,
              34.23972781400495
            ],
            [
              -118.52580601623286,
              34.239728823362
            ],
            [
              -118.52580479527107,
              34.239757590047304
            ],
            [
              -118.52564240737303,
              34.239757590047304
            ],
            [
              -118.52564240737303,
              34.239860544418846
            ],
            [
              -118.52557403352138,
              34.23986104909699
            ],
            [
              -118.52557403352138,
              34.23990192800342
            ],
            [
              -118.52551725880504,
              34.23990344203622
            ],
            [
              -118.52551542736248,
              34.23984994618043
            ],
            [
              -118.52548246139831,
              34.23981764677963
            ],
            [
              -118.52541286658487,
              34.23981815145717
            ],
            [
              -118.52537557414361,
              34.23985098480881
            ],
            [
              -118.52537694329934,
              34.239905314391535
            ],
            [
              -118.52534545271452,
              34.239903050659805
            ],
            [
              -118.52534492899778,
              34.2401593684242
            ]
          ]
        ],
        "type": "Polygon"
      },
      "id": 25
    },
    {
      "type": "Feature",
      "properties": {
        "name": "F5 Parking Lot"
      },
      "geometry": {
        "coordinates": [
          [
            [
              -118.52526450252827,
              34.24251792694341
            ],
            [
              -118.52526450252827,
              34.24105782318624
            ],
            [
              -118.5247090077841,
              34.24105782318624
            ],
            [
              -118.5247090077841,
              34.24251792694341
            ],
            [
              -118.52526450252827,
              34.24251792694341
            ]
          ]
        ],
        "type": "Polygon"
      },
      "id": 26
    },
    {
      "type": "Feature",
      "properties": {
        "name": "Noski Auditorium"
      },
      "geometry": {
        "coordinates": [
          [
            [
              -118.53131587076803,
              34.242372238404656
            ],
            [
              -118.5314263584715,
              34.242215803741644
            ],
            [
              -118.53123944580874,
              34.24212192084991
            ],
            [
              -118.53112825790181,
              34.242277235142026
            ],
            [
              -118.53131587076803,
              34.242372238404656
            ]
          ]
        ],
        "type": "Polygon"
      },
      "id": 27
    },
    {
      "type": "Feature",
      "properties": {
        "name": "Education Building"
      },
      "geometry": {
        "coordinates": [
          [
            [
              -118.53142228995547,
              34.241536713638936
            ],
            [
              -118.53142104246803,
              34.2412953162937
            ],
            [
              -118.53145018425576,
              34.24130081750678
            ],
            [
              -118.53149202076408,
              34.24124206585451
            ],
            [
              -118.5314224442098,
              34.24121127154042
            ],
            [
              -118.53142329363686,
              34.24112249808401
            ],
            [
              -118.53115920506197,
              34.241117941646976
            ],
            [
              -118.53115830994865,
              34.241073142376536
            ],
            [
              -118.53095225178434,
              34.241073142376536
            ],
            [
              -118.5309488796535,
              34.24111836075146
            ],
            [
              -118.53052973684404,
              34.24112003724639
            ],
            [
              -118.53052732862227,
              34.24109532155684
            ],
            [
              -118.5304537060805,
              34.24109448421048
            ],
            [
              -118.53045379597674,
              34.24112031224519
            ],
            [
              -118.53042138628945,
              34.241119062343685
            ],
            [
              -118.53042076950791,
              34.24127080574098
            ],
            [
              -118.53057933035939,
              34.24127332248756
            ],
            [
              -118.5305786109038,
              34.241442874115776
            ],
            [
              -118.53061776389401,
              34.241443293981305
            ],
            [
              -118.53061869299037,
              34.24146934092049
            ],
            [
              -118.53068188016515,
              34.24147014782558
            ],
            [
              -118.53068304459197,
              34.241532707182756
            ],
            [
              -118.53098082117225,
              34.24153297409913
            ],
            [
              -118.53098333818109,
              34.24153930224408
            ],
            [
              -118.53105750336252,
              34.241548008067085
            ],
            [
              -118.53111865064835,
              34.241541676028234
            ],
            [
              -118.53112573261882,
              34.241533897444384
            ],
            [
              -118.53142228995547,
              34.241536713638936
            ]
          ]
        ],
        "type": "Polygon"
      },
      "id": 28
    },
    {
      "type": "Feature",
      "properties": {
        "name": "Botanical Garden"
      },
      "geometry": {
        "coordinates": [
          [
            [
              -118.52723188187339,
              34.23913626231008
            ],
            [
              -118.52723188187339,
              34.238665179076776
            ],
            [
              -118.5265843622509,
              34.238665179076776
            ],
            [
              -118.5265843622509,
              34.23913626231008
            ],
            [
              -118.52723188187339,
              34.23913626231008
            ]
          ]
        ],
        "type": "Polygon"
      },
      "id": 29
    },
    {
      "type": "Feature",
      "properties": {
        "name": "University Library Lawn"
      },
      "geometry": {
        "coordinates": [
          [
            [
              -118.53006841091623,
              34.23962968459584
            ],
            [
              -118.53006841091623,
              34.239206993623924
            ],
            [
              -118.52862029687577,
              34.239206993623924
            ],
            [
              -118.52862029687577,
              34.23962968459584
            ],
            [
              -118.53006841091623,
              34.23962968459584
            ]
          ]
        ],
        "type": "Polygon"
      },
      "id": 30
    },
    {
      "type": "Feature",
      "properties": {
        "Mercado": ""
      },
      "geometry": {
        "coordinates": [
          [
            [
              -118.52699400787418,
              34.239613328569845
            ],
            [
              -118.52688639217803,
              34.2395726693875
            ],
            [
              -118.52685146861313,
              34.23957090167863
            ],
            [
              -118.52684288190724,
              34.23966577833271
            ],
            [
              -118.52689989653666,
              34.23970055169758
            ],
            [
              -118.5269847230695,
              34.23970644574902
            ],
            [
              -118.52699400787418,
              34.239613328569845
            ]
          ]
        ],
        "type": "Polygon"
      }
    },
    {
      "type": "Feature",
      "properties": {
        "name": "Wells Fargo"
      },
      "geometry": {
        "coordinates": [
          [
            [
              -118.52657358727936,
              34.239683966876086
            ],
            [
              -118.52656831370658,
              34.23963508032398
            ],
            [
              -118.5264632490672,
              34.23963508032398
            ],
            [
              -118.52647062525719,
              34.23969051471515
            ],
            [
              -118.52657358727936,
              34.239683966876086
            ]
          ]
        ],
        "type": "Polygon"
      },
      "id": 32
    },
    {
      "type": "Feature",
      "properties": {
        "name": "Subway"
      },
      "geometry": {
        "coordinates": [
          [
            [
              -118.52646534321389,
              34.239697499217016
            ],
            [
              -118.52645796956568,
              34.23963464386809
            ],
            [
              -118.526330730562,
              34.23963464386809
            ],
            [
              -118.52633650361335,
              34.23970753968814
            ],
            [
              -118.52646534321389,
              34.239697499217016
            ]
          ]
        ],
        "type": "Polygon"
      },
      "id": 33
    },
    {
      "type": "Feature",
      "properties": {
        "name": "Jerome Richfield Hall"
      },
      "geometry": {
        "coordinates": [
          [
            [
              -118.53029135464752,
              34.23889169188479
            ],
            [
              -118.53044719638368,
              34.23889495753927
            ],
            [
              -118.5304502525907,
              34.23905563211014
            ],
            [
              -118.5309597324194,
              34.23905614719668
            ],
            [
              -118.53095813656873,
              34.23878141209286
            ],
            [
              -118.53095219825676,
              34.238720585312265
            ],
            [
              -118.53029292154334,
              34.23870704220646
            ],
            [
              -118.53029135464752,
              34.23889169188479
            ]
          ]
        ],
        "type": "Polygon"
      },
      "id": 34
    },
    {
      "type": "Feature",
      "properties": {
        "name": "Sierra Center"
      },
      "geometry": {
        "coordinates": [
          [
            [
              -118.53103676717404,
              34.239062035096794
            ],
            [
              -118.53140097745921,
              34.23906228130181
            ],
            [
              -118.53140189707838,
              34.23892771870156
            ],
            [
              -118.5314294949425,
              34.23892771870156
            ],
            [
              -118.53142906340653,
              34.238838051463304
            ],
            [
              -118.5313606642074,
              34.23883837279362
            ],
            [
              -118.53133344944351,
              34.23880174376927
            ],
            [
              -118.53126465989874,
              34.23875708932174
            ],
            [
              -118.53120759124103,
              34.23873776635976
            ],
            [
              -118.53117796209753,
              34.23873416442275
            ],
            [
              -118.5310960470556,
              34.23873560519502
            ],
            [
              -118.53109953302462,
              34.2387168754467
            ],
            [
              -118.53103156208957,
              34.23871615508409
            ],
            [
              -118.53103676717404,
              34.239062035096794
            ]
          ]
        ],
        "type": "Polygon"
      },
      "id": 35
    },
    {
      "type": "Feature",
      "properties": {
        "name": "National Center on Deafness"
      },
      "geometry": {
        "coordinates": [
          [
            [
              -118.52620917465336,
              34.23758885125038
            ],
            [
              -118.52621140643032,
              34.237495660930364
            ],
            [
              -118.52623461153121,
              34.23749474735972
            ],
            [
              -118.52623572045552,
              34.23747647619578
            ],
            [
              -118.5263086493163,
              34.237475562649635
            ],
            [
              -118.52630976917348,
              34.23738421394796
            ],
            [
              -118.52597719169188,
              34.23738421394796
            ],
            [
              -118.52588213518979,
              34.23745820549793
            ],
            [
              -118.52588310289272,
              34.237754248288354
            ],
            [
              -118.5260300944135,
              34.23775333438731
            ],
            [
              -118.52603230054692,
              34.23776521518991
            ],
            [
              -118.5260820353847,
              34.23776338736171
            ],
            [
              -118.52608313587115,
              34.23777801012136
            ],
            [
              -118.5261792891491,
              34.23777983798777
            ],
            [
              -118.5263086176187,
              34.23766926050209
            ],
            [
              -118.52620917465336,
              34.23758885125038
            ]
          ]
        ],
        "type": "Polygon"
      },
      "id": 36
    },
    {
      "type": "Feature",
      "properties": {
        "name": "Monterey Hall"
      },
      "geometry": {
        "coordinates": [
          [
            [
              -118.52454668148188,
              34.23679686313673
            ],
            [
              -118.52455566379633,
              34.236722638153225
            ],
            [
              -118.5245242400695,
              34.236722638153225
            ],
            [
              -118.52452573938697,
              34.236678105885446
            ],
            [
              -118.52417110809866,
              34.23667934286556
            ],
            [
              -118.52417414394681,
              34.23650618101364
            ],
            [
              -118.52395869080503,
              34.236507417774774
            ],
            [
              -118.52395866307886,
              34.23658410002599
            ],
            [
              -118.52401252761325,
              34.236586573747786
            ],
            [
              -118.52401251028704,
              34.236638523362004
            ],
            [
              -118.52355015213661,
              34.236639760291695
            ],
            [
              -118.52354713459852,
              34.2366830538148
            ],
            [
              -118.5235097269074,
              34.23668181682997
            ],
            [
              -118.52351567269129,
              34.236748616252115
            ],
            [
              -118.52396159681604,
              34.23674737918432
            ],
            [
              -118.52396304298244,
              34.23688717785035
            ],
            [
              -118.52406630159572,
              34.23688594060552
            ],
            [
              -118.52406183952839,
              34.23679686313673
            ],
            [
              -118.52454668148188,
              34.23679686313673
            ]
          ]
        ],
        "type": "Polygon"
      },
      "id": 37
    },
    {
      "type": "Feature",
      "properties": {
        "name": "Manzanita Hall"
      },
      "geometry": {
        "coordinates": [
          [
            [
              -118.53032127212815,
              34.23758230211327
            ],
            [
              -118.53006802113191,
              34.23758075435089
            ],
            [
              -118.5300675651518,
              34.23758913817649
            ],
            [
              -118.53001822789686,
              34.23758913817649
            ],
            [
              -118.53001776239749,
              34.23758075435089
            ],
            [
              -118.5298649454976,
              34.23758072961999
            ],
            [
              -118.52986541266914,
              34.23758949364276
            ],
            [
              -118.52985250109127,
              34.237587207351254
            ],
            [
              -118.52984973057997,
              34.23758111065948
            ],
            [
              -118.5298225276773,
              34.23758111065948
            ],
            [
              -118.52982391493427,
              34.2375875883984
            ],
            [
              -118.52981377160037,
              34.237587969446665
            ],
            [
              -118.52981376602756,
              34.23757882443185
            ],
            [
              -118.52979624513992,
              34.237578062360555
            ],
            [
              -118.52979486700912,
              34.23758682630394
            ],
            [
              -118.52978472345607,
              34.23758682630394
            ],
            [
              -118.52978518089199,
              34.237580348581645
            ],
            [
              -118.52976627619626,
              34.23757844339596
            ],
            [
              -118.52976443655,
              34.237587207351254
            ],
            [
              -118.52949148309739,
              34.23759520944925
            ],
            [
              -118.52949241302709,
              34.23771259833953
            ],
            [
              -118.52963168813112,
              34.23771984138175
            ],
            [
              -118.52963034066306,
              34.237840330522744
            ],
            [
              -118.53051527327489,
              34.23784502108521
            ],
            [
              -118.53051850161955,
              34.23781640528806
            ],
            [
              -118.53063983943662,
              34.23781602376296
            ],
            [
              -118.53063787736241,
              34.2376104528804
            ],
            [
              -118.5305003897547,
              34.23761007134239
            ],
            [
              -118.53047178433485,
              34.23757726094334
            ],
            [
              -118.53058435166872,
              34.237576879448596
            ],
            [
              -118.53058387519158,
              34.23750440429586
            ],
            [
              -118.53061155229658,
              34.23750440429586
            ],
            [
              -118.53061061625989,
              34.23745139419836
            ],
            [
              -118.53058478668856,
              34.23745177553256
            ],
            [
              -118.5305851623344,
              34.23724614329916
            ],
            [
              -118.530610070713,
              34.23724423634282
            ],
            [
              -118.53061005726758,
              34.23720648112861
            ],
            [
              -118.53058791700201,
              34.237205337105564
            ],
            [
              -118.53058557019757,
              34.23707647211698
            ],
            [
              -118.53061047061912,
              34.237072279225586
            ],
            [
              -118.53060861256122,
              34.23703416474483
            ],
            [
              -118.53058371194837,
              34.237032640267714
            ],
            [
              -118.5305818597369,
              34.237007487519364
            ],
            [
              -118.5305934453421,
              34.23700719959167
            ],
            [
              -118.53059041232603,
              34.236874912364826
            ],
            [
              -118.53057246163486,
              34.236874912364826
            ],
            [
              -118.53057096240609,
              34.236863786223495
            ],
            [
              -118.53055001969699,
              34.236862549993745
            ],
            [
              -118.53055002291359,
              34.23687367612034
            ],
            [
              -118.53052309757413,
              34.23687614861085
            ],
            [
              -118.53052010207082,
              34.236862549993745
            ],
            [
              -118.53042735715192,
              34.23686131376502
            ],
            [
              -118.53042586432359,
              34.236874912364826
            ],
            [
              -118.53035106954772,
              34.23687367612034
            ],
            [
              -118.5303525723449,
              34.236910764131935
            ],
            [
              -118.53032265417829,
              34.236912000423104
            ],
            [
              -118.53032127212815,
              34.23758230211327
            ]
          ]
        ],
        "type": "Polygon"
      },
      "id": 38
    },
    {
      "type": "Feature",
      "properties": {
        "name": "Santa Susana Hall"
      },
      "geometry": {
        "coordinates": [
          [
            [
              -118.52923423276624,
              34.237513193198865
            ],
            [
              -118.52922680876952,
              34.237520188188384
            ],
            [
              -118.52923277889371,
              34.23768458024868
            ],
            [
              -118.52922343619241,
              34.2376856837635
            ],
            [
              -118.52922276421634,
              34.2377066510778
            ],
            [
              -118.52923744333705,
              34.23771768691731
            ],
            [
              -118.5292260970414,
              34.23772430855705
            ],
            [
              -118.52921608908491,
              34.23771437613614
            ],
            [
              -118.52918472358937,
              34.23771603152353
            ],
            [
              -118.5291873647618,
              34.237823093439815
            ],
            [
              -118.5292147291125,
              34.23782364537401
            ],
            [
              -118.52922340712584,
              34.237817022205846
            ],
            [
              -118.52923541876896,
              34.23782640505739
            ],
            [
              -118.52922273590409,
              34.23783413226448
            ],
            [
              -118.52922273087809,
              34.237856762741615
            ],
            [
              -118.52935488636842,
              34.23785841867675
            ],
            [
              -118.52935288462649,
              34.23784958709571
            ],
            [
              -118.52941295485167,
              34.237852898917154
            ],
            [
              -118.52941362228006,
              34.237825853118736
            ],
            [
              -118.52939493432986,
              34.23782364537401
            ],
            [
              -118.52939436993051,
              34.237716822907416
            ],
            [
              -118.52936900686484,
              34.237716822907416
            ],
            [
              -118.52935565699903,
              34.23772510257609
            ],
            [
              -118.52934297661854,
              34.237714615022256
            ],
            [
              -118.52935766126754,
              34.2377068875154
            ],
            [
              -118.52935699614883,
              34.23768480968809
            ],
            [
              -118.52934164559719,
              34.23768315389583
            ],
            [
              -118.52934098118328,
              34.23765886968661
            ],
            [
              -118.52939771039058,
              34.23766107728582
            ],
            [
              -118.52939837936589,
              34.237633483115275
            ],
            [
              -118.52937101671355,
              34.23763237938502
            ],
            [
              -118.52936968498997,
              34.23759871697807
            ],
            [
              -118.52939637940304,
              34.23759650969966
            ],
            [
              -118.5293950463024,
              34.23757002323488
            ],
            [
              -118.52934032478814,
              34.237570575020186
            ],
            [
              -118.52934166251538,
              34.23754574540777
            ],
            [
              -118.52935500900898,
              34.23754409015142
            ],
            [
              -118.52935634597704,
              34.237522020673225
            ],
            [
              -118.52934767200895,
              34.23751429662349
            ],
            [
              -118.52935634802347,
              34.23750271080736
            ],
            [
              -118.52936235269014,
              34.23751153806768
            ],
            [
              -118.5293950498237,
              34.23751208977703
            ],
            [
              -118.52939438912243,
              34.237405071328524
            ],
            [
              -118.52941507263705,
              34.23740176190418
            ],
            [
              -118.52941373908962,
              34.23737969972315
            ],
            [
              -118.52935435938133,
              34.23738080280552
            ],
            [
              -118.5293550275768,
              34.237371426697834
            ],
            [
              -118.52922559495312,
              34.237370323639496
            ],
            [
              -118.52922292118268,
              34.23738962756444
            ],
            [
              -118.52923492766976,
              34.23740176190418
            ],
            [
              -118.52922424968493,
              34.2374122418359
            ],
            [
              -118.52921757978535,
              34.23740396818391
            ],
            [
              -118.52918622147226,
              34.23740286504312
            ],
            [
              -118.52919019209534,
              34.23751153806768
            ],
            [
              -118.52921554908212,
              34.23751153806768
            ],
            [
              -118.52922355871212,
              34.23750326250638
            ],
            [
              -118.52923423276624,
              34.237513193198865
            ]
          ]
        ],
        "type": "Polygon"
      },
      "id": 39
    },
    {
      "type": "Feature",
      "properties": {
        "name": "Sierra Hall"
      },
      "geometry": {
        "coordinates": [
          [
            [
              -118.53122211528733,
              34.23847033951975
            ],
            [
              -118.53122212892366,
              34.238533512357364
            ],
            [
              -118.53129853384002,
              34.23853537046463
            ],
            [
              -118.53129963940117,
              34.238468481578636
            ],
            [
              -118.53138839873706,
              34.2384666236415
            ],
            [
              -118.53139052591649,
              34.238106273678454
            ],
            [
              -118.53022008572219,
              34.23810998771545
            ],
            [
              -118.53021786687108,
              34.23805242227368
            ],
            [
              -118.53014598082527,
              34.23805242227368
            ],
            [
              -118.53014819582233,
              34.238111844741425
            ],
            [
              -118.53005271878419,
              34.238110916227825
            ],
            [
              -118.53004688651563,
              34.23847126849249
            ],
            [
              -118.53122211528733,
              34.23847033951975
            ]
          ]
        ],
        "type": "Polygon"
      },
      "id": 40
    },
    {
      "type": "Feature",
      "properties": {
        "name": "Orange Grove"
      },
      "geometry": {
        "coordinates": [
          [
            [
              -118.5272381297842,
              34.23723748651179
            ],
            [
              -118.5272381297842,
              34.23568249619167
            ],
            [
              -118.52475002902594,
              34.23568249619167
            ],
            [
              -118.52475002902594,
              34.23723748651179
            ],
            [
              -118.5272381297842,
              34.23723748651179
            ]
          ]
        ],
        "type": "Polygon"
      },
      "id": 41
    },
    {
      "type": "Feature",
      "properties": {
        "Kurland Lecture Hall": ""
      },
      "geometry": {
        "coordinates": [
          [
            [
              -118.52836403445805,
              34.236483006212794
            ],
            [
              -118.52752070068766,
              34.23644507015791
            ],
            [
              -118.52751573990096,
              34.23662654788461
            ],
            [
              -118.52836155406484,
              34.23666038267177
            ],
            [
              -118.52836403445805,
              34.236483006212794
            ]
          ]
        ],
        "type": "Polygon"
      }
    },
    {
      "type": "Feature",
      "properties": {
        "name": "Soraya"
      },
      "geometry": {
        "coordinates": [
          [
            [
              -118.52874601504817,
              34.2363261353905
            ],
            [
              -118.52874329822899,
              34.23578392817424
            ],
            [
              -118.52854610695036,
              34.23578495348164
            ],
            [
              -118.52840720491764,
              34.235795206551344
            ],
            [
              -118.52840224413067,
              34.235856724943204
            ],
            [
              -118.5279198076062,
              34.235852623718856
            ],
            [
              -118.5279210478028,
              34.23582494044598
            ],
            [
              -118.52784787619623,
              34.23582801636573
            ],
            [
              -118.52784539580273,
              34.235852623718856
            ],
            [
              -118.52757007213083,
              34.23584954779999
            ],
            [
              -118.52755170560582,
              34.23618771971637
            ],
            [
              -118.5274847349828,
              34.23618874501888
            ],
            [
              -118.5274834947862,
              34.23627589565342
            ],
            [
              -118.52874601504817,
              34.2363261353905
            ]
          ]
        ],
        "type": "Polygon"
      },
      "id": 43
    },
    {
      "type": "Feature",
      "properties": {
        "name": "Cypress Hall"
      },
      "geometry": {
        "coordinates": [
          [
            [
              -118.53008433315381,
              34.23670555000287
            ],
            [
              -118.53008433315381,
              34.23602090643797
            ],
            [
              -118.52926129348454,
              34.23602090643797
            ],
            [
              -118.52926129348454,
              34.23670555000287
            ],
            [
              -118.53008433315381,
              34.23670555000287
            ]
          ]
        ],
        "type": "Polygon"
      },
      "id": 44
    },
    {
      "type": "Feature",
      "properties": {
        "name": "Nordhoff Hall"
      },
      "geometry": {
        "coordinates": [
          [
            [
              -118.53031971974842,
              34.23603085099448
            ],
            [
              -118.53031827945009,
              34.23669919998461
            ],
            [
              -118.53092872362538,
              34.23669352905189
            ],
            [
              -118.5309361782283,
              34.236276874439355
            ],
            [
              -118.53087104389812,
              34.23627829110022
            ],
            [
              -118.53087178476986,
              34.23601504125615
            ],
            [
              -118.53047576906208,
              34.23601716692981
            ],
            [
              -118.53047919572481,
              34.23597536352004
            ],
            [
              -118.53028290943953,
              34.235973946510924
            ],
            [
              -118.53028633095367,
              34.23602992114027
            ],
            [
              -118.53031971974842,
              34.23603085099448
            ]
          ]
        ],
        "type": "Polygon"
      },
      "id": 45
    },
    {
      "type": "Feature",
      "properties": {
        "name": "Sustainability Center"
      },
      "geometry": {
        "coordinates": [
          [
            [
              -118.52643138946044,
              34.24070752463945
            ],
            [
              -118.52616668024424,
              34.24070880434799
            ],
            [
              -118.52616874425354,
              34.24087260682174
            ],
            [
              -118.52674047488003,
              34.24087303339037
            ],
            [
              -118.52673892687328,
              34.240716909165215
            ],
            [
              -118.52665791450116,
              34.240718188873544
            ],
            [
              -118.52665636649395,
              34.24077364286532
            ],
            [
              -118.52643293746763,
              34.24077577571043
            ],
            [
              -118.52643138946044,
              34.24070752463945
            ]
          ]
        ],
        "type": "Polygon"
      },
      "id": 46
    },
    {
      "type": "Feature",
      "properties": {
        "name": "G3 Parking Lot"
      },
      "geometry": {
        "coordinates": [
          [
            [
              -118.52447110953196,
              34.238786083619246
            ],
            [
              -118.52447110953196,
              34.23750915195123
            ],
            [
              -118.52342962015834,
              34.23750915195123
            ],
            [
              -118.52342962015834,
              34.238786083619246
            ],
            [
              -118.52447110953196,
              34.238786083619246
            ]
          ]
        ],
        "type": "Polygon"
      },
      "id": 47
    },
    {
      "type": "Feature",
      "properties": {
        "name": "G3 Parking Structure"
      },
      "geometry": {
        "coordinates": [
          [
            [
              -118.52549082857955,
              34.23858041085349
            ],
            [
              -118.5254932438111,
              34.238535116481756
            ],
            [
              -118.52554565696069,
              34.238535983082755
            ],
            [
              -118.52553947516614,
              34.237890738053736
            ],
            [
              -118.52562395709032,
              34.23788945196888
            ],
            [
              -118.52562395709032,
              34.23774559489746
            ],
            [
              -118.52554533736617,
              34.237748194726365
            ],
            [
              -118.52554428910327,
              34.23761906980077
            ],
            [
              -118.52549816553197,
              34.237618203189584
            ],
            [
              -118.5254971172686,
              34.23757747246714
            ],
            [
              -118.52513756306409,
              34.237572272798715
            ],
            [
              -118.5251365148012,
              34.23752200932341
            ],
            [
              -118.52509353601857,
              34.237519409487504
            ],
            [
              -118.52509039122988,
              34.237572272798715
            ],
            [
              -118.52477696059623,
              34.23757747246714
            ],
            [
              -118.52477486407045,
              34.23761646996792
            ],
            [
              -118.52472559571001,
              34.23761733657915
            ],
            [
              -118.52472769312453,
              34.2385370807921
            ],
            [
              -118.52477800974788,
              34.2385370807921
            ],
            [
              -118.52477905801078,
              34.23858301065661
            ],
            [
              -118.52489646346552,
              34.238581277454784
            ],
            [
              -118.52489751172841,
              34.23863414009844
            ],
            [
              -118.52494049051106,
              34.23863500669921
            ],
            [
              -118.52494468356309,
              34.238581277454784
            ],
            [
              -118.52549082857955,
              34.23858041085349
            ]
          ]
        ],
        "type": "Polygon"
      },
      "id": 48
    },
    {
      "type": "Feature",
      "properties": {
        "name": "Chaparral Hall"
      },
      "geometry": {
        "coordinates": [
          [
            [
              -118.52715514804554,
              34.238580506017
            ],
            [
              -118.52715621234958,
              34.23855147055937
            ],
            [
              -118.52722964933128,
              34.23855235042184
            ],
            [
              -118.52722752072319,
              34.23825231677179
            ],
            [
              -118.52707213232654,
              34.23796284047749
            ],
            [
              -118.52693057988336,
              34.23788805160814
            ],
            [
              -118.52670069020144,
              34.23788981134693
            ],
            [
              -118.52670494741761,
              34.23857698656822
            ],
            [
              -118.52679434896086,
              34.238580506017
            ],
            [
              -118.52679647756895,
              34.23855235042184
            ],
            [
              -118.52698911660801,
              34.23855235042184
            ],
            [
              -118.52700933838574,
              34.23858314560427
            ],
            [
              -118.52715514804554,
              34.238580506017
            ]
          ]
        ],
        "type": "Polygon"
      }
    },
    {
      "type": "Feature",
      "properties": {
        "name": "Maple Hall"
      },
      "geometry": {
        "coordinates": [
          [
            [
              -118.53148104909494,
              34.23781260630467
            ],
            [
              -118.53148104909494,
              34.237399382263746
            ],
            [
              -118.53094527319827,
              34.237399382263746
            ],
            [
              -118.53094128561555,
              34.23781920197081
            ],
            [
              -118.53148104909494,
              34.23781260630467
            ]
          ]
        ],
        "type": "Polygon"
      },
      "id": 50
    },
    {
      "type": "Feature",
      "properties": {
        "name": "Sierra Tower"
      },
      "geometry": {
        "coordinates": [
          [
            [
              -118.53027797081407,
              34.23847665773765
            ],
            [
              -118.53013861735776,
              34.23847939995035
            ],
            [
              -118.53014222841946,
              34.239033183294964
            ],
            [
              -118.53018869256172,
              34.23902838085293
            ],
            [
              -118.53018949488444,
              34.23910453892846
            ],
            [
              -118.53023098218213,
              34.23910385277118
            ],
            [
              -118.53023432464812,
              34.239029752975014
            ],
            [
              -118.53027580938434,
              34.23902769479382
            ],
            [
              -118.53027252288524,
              34.23891313516664
            ],
            [
              -118.53028911546258,
              34.23891039152396
            ],
            [
              -118.53029000810017,
              34.23867243398951
            ],
            [
              -118.53027259137005,
              34.238669691578906
            ],
            [
              -118.5302719638851,
              34.23857386001672
            ],
            [
              -118.53027797081407,
              34.23847665773765
            ]
          ]
        ],
        "type": "Polygon"
      },
      "id": 51
    }
  ]
}